well_id,formation_name,top_md_m,top_tvdss_m,base_tvdss_m,lithology_primary,confidence_level
NO-15/9-F-12,Nordland GP,43.5,0.0,850.0,Claystone,CONFIRMED
NO-15/9-F-12,Utsira FM,893.5,850.0,1050.0,Sandstone,CONFIRMED
NO-15/9-F-12,Hordaland GP,1093.5,1050.0,2200.0,Claystone,CONFIRMED
NO-15/9-F-12,Rogaland GP,2243.5,2200.0,2450.0,Shale,CONFIRMED
NO-15/9-F-12,Chalk GP,2493.5,2450.0,2700.0,Limestone,CONFIRMED
NO-15/9-F-12,Heather FM,2743.5,2700.0,2850.0,Shale,CONFIRMED
NO-15/9-F-12,Hugin FM,2893.5,2850.0,3050.0,Sandstone,CONFIRMED
NO-15/9-F-12,Skagerrak FM,3093.5,3050.0,3350.0,Sandstone,CONFIRMED
NO-15/9-F-12,Smith Bank FM,3393.5,3350.0,3450.0,Claystone,CONFIRMED
NO-15/9-F-14,Nordland GP,43.5,0.0,855.0,Claystone,CONFIRMED
NO-15/9-F-14,Utsira FM,898.5,855.0,1052.0,Sandstone,CONFIRMED
NO-15/9-F-14,Hordaland GP,1102.5,1052.0,2215.0,Claystone,CONFIRMED
NO-15/9-F-14,Rogaland GP,2275.0,2215.0,2462.0,Shale,CONFIRMED
NO-15/9-F-14,Chalk GP,2530.0,2462.0,2712.0,Limestone,CONFIRMED
NO-15/9-F-14,Heather FM,2800.0,2712.0,2864.0,Shale,CONFIRMED
NO-15/9-F-14,Hugin FM,2962.0,2864.0,3068.0,Sandstone,CONFIRMED
NO-15/9-F-14,Skagerrak FM,3210.0,3068.0,3420.0,Sandstone,CONFIRMED
NO-15/9-F-14,Smith Bank FM,3580.0,3420.0,3684.0,Claystone,CONFIRMED
NO-15/9-F-15S,Nordland GP,43.5,0.0,852.0,Claystone,CONFIRMED
NO-15/9-F-15S,Utsira FM,895.0,852.0,1055.0,Sandstone,CONFIRMED
NO-15/9-F-15S,Hordaland GP,1100.0,1055.0,2208.0,Claystone,CONFIRMED
NO-15/9-F-15S,Rogaland GP,2260.0,2208.0,2458.0,Shale,CONFIRMED
NO-15/9-F-15S,Chalk GP,2515.0,2458.0,2705.0,Limestone,CONFIRMED
NO-15/9-F-15S,Heather FM,2780.0,2705.0,2858.0,Shale,CONFIRMED
NO-15/9-F-15S,Hugin FM,2940.0,2858.0,3055.0,Sandstone,CONFIRMED
NO-15/9-F-15S,Skagerrak FM,3180.0,3055.0,3400.0,Sandstone,CONFIRMED
NO-15/9-F-4,Nordland GP,43.5,0.0,848.0,Claystone,CONFIRMED
NO-15/9-F-4,Utsira FM,890.0,848.0,1048.0,Sandstone,CONFIRMED
NO-15/9-F-4,Hordaland GP,1088.0,1048.0,2195.0,Claystone,CONFIRMED
NO-15/9-F-4,Chalk GP,2480.0,2445.0,2695.0,Limestone,CONFIRMED
NO-15/9-F-4,Hugin FM,2870.0,2845.0,3040.0,Sandstone,CONFIRMED
NO-15/9-F-1,Nordland GP,43.5,0.0,845.0,Claystone,CONFIRMED
NO-15/9-F-1,Chalk GP,2470.0,2440.0,2690.0,Limestone,CONFIRMED
NO-15/9-F-1,Hugin FM,2860.0,2840.0,3035.0,Sandstone,CONFIRMED
