event_id,well_id,event_type,severity,depth_md_m,depth_tvdss_m,formation_name,relative_formation_depth_m,npt_hours,operational_narrative,mitigation_applied,source_citation,event_timestamp
EVT-VOLVE-001,NO-15/9-F-14,LOST_CIRCULATION,SEVERE,2965.0,2868.0,Hugin FM,4.0,18.5,"Observed pit volume drop at 2965m while penetrating upper Hugin sand. Loss rate measured at 42 bbl/hr. Dynamic ECD was 1.31 SG with 550 GPM pump rate.","Pushed 35 bbl medium-coarse CaCO3 and nut-plug LCM pill. Reduced flow rate to 420 GPM and mud density to 1.25 SG. Wellbore stabilized.","Volve DDR Report 2008-09-14, Page 2",2008-09-14T04:30:00Z
EVT-VOLVE-002,NO-15/9-F-14,STUCK_PIPE,CRITICAL,3012.0,2898.0,Hugin FM,34.0,36.0,"Drillstring became stuck while standing static for 8 minutes to service top-drive connection across depleted Hugin sandstone. Unable to rotate or reciprocate with 80 klbs overpull.","Spotted 40 bbl low-toxicity oil-based soaking pill around BHA. Allowed 4 hours soak time while working torque up to 18 kft-lbs. Pipe freed on third jar impact.","Volve DDR Report 2008-09-22, Page 3",2008-09-22T14:15:00Z
EVT-VOLVE-003,NO-15/9-F-14,PACKOFF,MODERATE,3245.0,3090.0,Skagerrak FM,22.0,8.0,"Sudden standpipe pressure increase from 2800 psi to 3550 psi with erratic surface torque up to 22 kft-lbs. Flow paddle dropped indicating annular pack-off.","Immediately stopped rotary, picked up off bottom, washed and reamed stand with maximum pump output to dislodge annular solids pack.","Volve DDR Report 2008-10-05, Page 1",2008-10-05T09:45:00Z
EVT-VOLVE-004,NO-15/9-F-15S,PACKOFF,SEVERE,3220.0,3075.0,Skagerrak FM,20.0,14.5,"High torque spikes and string stall encountered entering Skagerrak abrasive interval. Shaker screens showed poor cutting returns and large cavings.","Pumped high-viscosity tandem sweeps (30 bbl weighted pill followed by 30 bbl low-vis pill). Reamed interval twice before resuming drilling.","Volve DDR Report 2009-02-18, Page 2",2009-02-18T18:20:00Z
EVT-VOLVE-005,NO-15/9-F-15S,LOST_CIRCULATION,MODERATE,2955.0,2862.0,Hugin FM,4.0,6.0,"Seepage losses of 18 bbl/hr recorded upon crossing Heather/Hugin boundary.","Treated active system with 15 ppb fine nut-plug and blended mica flakes. Losses cured without interrupting drilling.","Volve DDR Report 2009-01-28, Page 2",2009-01-28T11:00:00Z
EVT-VOLVE-006,NO-15/9-F-4,TIGHT_HOLE,MODERATE,2760.0,2715.0,Heather FM,10.0,5.5,"Encountered 45 klbs overpull on 8.5 inch BHA during wiper trip at Heather shale transition zone.","Reamed tight hole section back to bottom with 90 RPM and circulating 480 GPM. Controlled tripping speed to under 15 m/min.","Volve DDR Report 2007-10-12, Page 2",2007-10-12T07:15:00Z
EVT-VOLVE-007,NO-15/9-F-1,LOST_CIRCULATION,MINOR,2865.0,2843.0,Hugin FM,3.0,3.0,"Partial losses of 10 bbl/hr in exploration well upon entering Hugin porous sandstone reservoir.","Spotted 20 bbl fibrous LCM pill. Formation held 1.28 SG mud weight.","Volve WCR Well 15/9-F-1, Section 5, Page 19",2006-04-02T16:00:00Z
EVT-VOLVE-008,NO-15/9-F-12,LOST_CIRCULATION,SEVERE,2910.0,2860.0,Hugin FM,10.0,16.0,"Losses initiated at 2910m MD in Hugin sand with 38 bbl/hr drop in trip tank. Static fluid level dropped 120m in casing annulus.","Spotted 30 bbl medium nut-plug pill and reduced mud weight from 1.30 SG to 1.24 SG. Continued drilling with controlled ROP.","Volve DDR Report 2008-05-18, Page 2",2008-05-18T06:30:00Z
EVT-VOLVE-009,NO-15/9-F-12,PACKOFF,SEVERE,3140.0,3078.0,Skagerrak FM,28.0,11.0,"String packed off in Skagerrak sandstone; standpipe pressure spiked to 3600 psi, zero returns at flow line.","Worked drillstring with jarring and pumped heavy viscous sweep to clear annular bridge.","Volve DDR Report 2008-06-04, Page 3",2008-06-04T13:40:00Z
EVT-VOLVE-010,NO-15/9-F-12,TIGHT_HOLE,MINOR,3380.0,3340.0,Smith Bank FM, -10.0,4.0,"Excessive drag and 30 klbs overpull observed while pulling out of hole across Smith Bank formation boundary.","Backreamed 3 stands to top of liner; increased mud lubricity with 2% glycol addition.","Volve DDR Report 2008-06-21, Page 1",2008-06-21T21:10:00Z
