well_id,md_m,inclination_deg,azimuth_deg,tvd_m,tvdss_m,dogleg_severity_deg_30m
NO-15/9-F-12,0.0,0.0,0.0,0.0,-43.5,0.0
NO-15/9-F-12,500.0,1.2,45.0,499.9,456.4,0.07
NO-15/9-F-12,1000.0,5.8,55.0,998.5,955.0,0.28
NO-15/9-F-12,1500.0,14.2,60.0,1490.2,1446.7,0.50
NO-15/9-F-12,2000.0,22.5,62.0,1963.8,1920.3,0.50
NO-15/9-F-12,2500.0,28.4,65.0,2415.1,2371.6,0.35
NO-15/9-F-12,2850.0,32.1,66.0,2717.5,2674.0,0.32
NO-15/9-F-12,3050.0,34.0,66.5,2885.2,2841.7,0.28
NO-15/9-F-12,3250.0,35.5,67.0,3049.5,3006.0,0.23
NO-15/9-F-12,3450.0,36.2,67.2,3211.2,3167.7,0.11
NO-15/9-F-14,0.0,0.0,0.0,0.0,-43.5,0.0
NO-15/9-F-14,500.0,2.1,70.0,499.8,456.3,0.13
NO-15/9-F-14,1000.0,8.5,82.0,996.1,952.6,0.38
NO-15/9-F-14,1500.0,19.2,85.0,1480.4,1436.9,0.64
NO-15/9-F-14,2000.0,29.8,88.0,1931.2,1887.7,0.64
NO-15/9-F-14,2500.0,38.5,90.0,2343.6,2300.1,0.52
NO-15/9-F-14,2950.0,42.1,91.0,2687.1,2643.6,0.24
NO-15/9-F-14,3300.0,43.0,91.5,2944.2,2900.7,0.08
NO-15/9-F-14,3728.0,43.2,91.8,3256.4,3212.9,0.01
NO-15/9-F-15S,0.0,0.0,0.0,0.0,-43.5,0.0
NO-15/9-F-15S,1000.0,4.2,110.0,998.9,955.4,0.13
NO-15/9-F-15S,2000.0,18.5,125.0,1972.1,1928.6,0.43
NO-15/9-F-15S,2800.0,35.2,130.0,2684.5,2641.0,0.63
NO-15/9-F-15S,3500.0,52.1,132.0,3172.3,3128.8,0.72
NO-15/9-F-15S,4410.0,68.4,133.5,3574.6,3531.1,0.54
NO-15/9-F-4,0.0,0.0,0.0,0.0,-43.5,0.0
NO-15/9-F-4,1000.0,3.1,30.0,999.2,955.7,0.09
NO-15/9-F-4,2000.0,12.5,35.0,1983.4,1939.9,0.28
NO-15/9-F-4,3000.0,22.0,38.0,2935.1,2891.6,0.29
NO-15/9-F-4,3320.0,23.5,39.0,3230.2,3186.7,0.14
NO-15/9-F-1,0.0,0.0,0.0,0.0,-43.5,0.0
NO-15/9-F-1,1000.0,1.2,10.0,999.8,956.3,0.04
NO-15/9-F-1,2000.0,4.5,15.0,1998.1,1954.6,0.10
NO-15/9-F-1,3000.0,8.2,18.0,2990.4,2946.9,0.11
NO-15/9-F-1,3280.0,9.1,19.0,3267.1,3223.6,0.10
